Workbook

Sheet map_05
A1: 第五關：城市路口
A2: 這是一座由25條橫向道路與25條縱向道路所組成的城市
A3: 就跟台灣的交通一樣
A4: =工作表1!A1 -> tile-type-platform | B4: =工作表1!B1 -> tile-type-spawn-portal | C4: =工作表1!C1 -> tile-type-platform | D4: =工作表1!D1 -> tile-type-spawn-portal | E4: =工作表1!E1 -> tile-type-platform | F4: =工作表1!F1 -> tile-type-spawn-portal | G4: =工作表1!G1 -> tile-type-platform | H4: =工作表1!H1 -> tile-type-spawn-portal | ... AY4: =工作表1!AY1 -> tile-type-platform
A5: =工作表1!A2 -> tile-type-spawn-portal | B5: =工作表1!B2 -> tile-type-road-oooo | C5: =工作表1!C2 -> tile-type-road-oooo | D5: =工作表1!D2 -> tile-type-road-oooo | E5: =工作表1!E2 -> tile-type-road-oooo | F5: =工作表1!F2 -> tile-type-road-oooo | G5: =工作表1!G2 -> tile-type-road-oooo | H5: =工作表1!H2 -> tile-type-road-oooo | ... AY5: =工作表1!AY2 -> tile-type-spawn-portal
A6: =工作表1!A3 -> tile-type-platform | B6: =工作表1!B3 -> tile-type-road-oooo | C6: =工作表1!C3 -> tile-type-platform | D6: =工作表1!D3 -> tile-type-road-oooo | E6: =工作表1!E3 -> tile-type-platform | F6: =工作表1!F3 -> tile-type-road-oooo | G6: =工作表1!G3 -> tile-type-platform | H6: =工作表1!H3 -> tile-type-road-oooo | ... AY6: =工作表1!AY3 -> tile-type-platform
A7: =工作表1!A4 -> tile-type-spawn-portal | B7: =工作表1!B4 -> tile-type-road-oooo | C7: =工作表1!C4 -> tile-type-road-oooo | D7: =工作表1!D4 -> tile-type-road-oooo | E7: =工作表1!E4 -> tile-type-road-oooo | F7: =工作表1!F4 -> tile-type-road-oooo | G7: =工作表1!G4 -> tile-type-road-oooo | H7: =工作表1!H4 -> tile-type-road-oooo | ... AY7: =工作表1!AY4 -> tile-type-spawn-portal
A8: =工作表1!A5 -> tile-type-platform | B8: =工作表1!B5 -> tile-type-road-oooo | C8: =工作表1!C5 -> tile-type-platform | D8: =工作表1!D5 -> tile-type-road-oooo | E8: =工作表1!E5 -> tile-type-platform | F8: =工作表1!F5 -> tile-type-road-oooo | G8: =工作表1!G5 -> tile-type-platform | H8: =工作表1!H5 -> tile-type-road-oooo | ... AY8: =工作表1!AY5 -> tile-type-platform
A9: =工作表1!A6 -> tile-type-spawn-portal | B9: =工作表1!B6 -> tile-type-road-oooo | C9: =工作表1!C6 -> tile-type-road-oooo | D9: =工作表1!D6 -> tile-type-road-oooo | E9: =工作表1!E6 -> tile-type-road-oooo | F9: =工作表1!F6 -> tile-type-road-oooo | G9: =工作表1!G6 -> tile-type-road-oooo | H9: =工作表1!H6 -> tile-type-road-oooo | ... AY9: =工作表1!AY6 -> tile-type-spawn-portal
A10: =工作表1!A7 -> tile-type-platform | B10: =工作表1!B7 -> tile-type-road-oooo | C10: =工作表1!C7 -> tile-type-platform | D10: =工作表1!D7 -> tile-type-road-oooo | E10: =工作表1!E7 -> tile-type-platform | F10: =工作表1!F7 -> tile-type-road-oooo | G10: =工作表1!G7 -> tile-type-platform | H10: =工作表1!H7 -> tile-type-road-oooo | ... AY10: =工作表1!AY7 -> tile-type-platform
A11: =工作表1!A8 -> tile-type-spawn-portal | B11: =工作表1!B8 -> tile-type-road-oooo | C11: =工作表1!C8 -> tile-type-road-oooo | D11: =工作表1!D8 -> tile-type-road-oooo | E11: =工作表1!E8 -> tile-type-road-oooo | F11: =工作表1!F8 -> tile-type-road-oooo | G11: =工作表1!G8 -> tile-type-road-oooo | H11: =工作表1!H8 -> tile-type-road-oooo | ... AY11: =工作表1!AY8 -> tile-type-spawn-portal
A12: =工作表1!A9 -> tile-type-platform | B12: =工作表1!B9 -> tile-type-road-oooo | C12: =工作表1!C9 -> tile-type-platform | D12: =工作表1!D9 -> tile-type-road-oooo | E12: =工作表1!E9 -> tile-type-platform | F12: =工作表1!F9 -> tile-type-road-oooo | G12: =工作表1!G9 -> tile-type-platform | H12: =工作表1!H9 -> tile-type-road-oooo | ... AY12: =工作表1!AY9 -> tile-type-platform
A13: =工作表1!A10 -> tile-type-spawn-portal | B13: =工作表1!B10 -> tile-type-road-oooo | C13: =工作表1!C10 -> tile-type-road-oooo | D13: =工作表1!D10 -> tile-type-road-oooo | E13: =工作表1!E10 -> tile-type-road-oooo | F13: =工作表1!F10 -> tile-type-road-oooo | G13: =工作表1!G10 -> tile-type-road-oooo | H13: =工作表1!H10 -> tile-type-road-oooo | ... AY13: =工作表1!AY10 -> tile-type-spawn-portal
A14: =工作表1!A11 -> tile-type-platform | B14: =工作表1!B11 -> tile-type-road-oooo | C14: =工作表1!C11 -> tile-type-platform | D14: =工作表1!D11 -> tile-type-road-oooo | E14: =工作表1!E11 -> tile-type-platform | F14: =工作表1!F11 -> tile-type-road-oooo | G14: =工作表1!G11 -> tile-type-platform | H14: =工作表1!H11 -> tile-type-road-oooo | ... AY14: =工作表1!AY11 -> tile-type-platform
A15: =工作表1!A12 -> tile-type-spawn-portal | B15: =工作表1!B12 -> tile-type-road-oooo | C15: =工作表1!C12 -> tile-type-road-oooo | D15: =工作表1!D12 -> tile-type-road-oooo | E15: =工作表1!E12 -> tile-type-road-oooo | F15: =工作表1!F12 -> tile-type-road-oooo | G15: =工作表1!G12 -> tile-type-road-oooo | H15: =工作表1!H12 -> tile-type-road-oooo | ... AY15: =工作表1!AY12 -> tile-type-spawn-portal
... A54: =工作表1!A51 -> tile-type-platform | B54: =工作表1!B51 -> tile-type-spawn-portal | C54: =工作表1!C51 -> tile-type-platform | D54: =工作表1!D51 -> tile-type-spawn-portal | E54: =工作表1!E51 -> tile-type-platform | F54: =工作表1!F51 -> tile-type-spawn-portal | G54: =工作表1!G51 -> tile-type-platform | H54: =工作表1!H51 -> tile-type-spawn-portal | ... AY54: =工作表1!AY51 -> tile-type-platform

Sheet 工作表1
A1: tile-type-platform | B1: tile-type-spawn-portal | C1: tile-type-platform | D1: tile-type-spawn-portal | E1: tile-type-platform | F1: tile-type-spawn-portal | G1: tile-type-platform | H1: tile-type-spawn-portal | I1: tile-type-platform | J1: tile-type-spawn-portal | K1: tile-type-platform | L1: tile-type-spawn-portal | M1: tile-type-platform | N1: tile-type-spawn-portal | O1: tile-type-platform | P1: tile-type-spawn-portal | Q1: tile-type-platform | R1: tile-type-spawn-portal | S1: tile-type-platform | T1: tile-type-spawn-portal | U1: tile-type-platform | V1: tile-type-spawn-portal | W1: tile-type-platform | X1: tile-type-spawn-portal | Y1: tile-type-platform | Z1: tile-type-spawn-portal | AA1: tile-type-platform | AB1: tile-type-spawn-portal | AC1: tile-type-platform | AD1: tile-type-spawn-portal | AE1: tile-type-platform | AF1: tile-type-spawn-portal | AG1: tile-type-platform | AH1: tile-type-spawn-portal | AI1: tile-type-platform | AJ1: tile-type-spawn-portal | AK1: tile-type-platform | AL1: tile-type-spawn-portal | AM1: tile-type-platform | AN1: tile-type-spawn-portal | AO1: tile-type-platform | AP1: tile-type-spawn-portal | AQ1: tile-type-platform | AR1: tile-type-spawn-portal | AS1: tile-type-platform | AT1: tile-type-spawn-portal | AU1: tile-type-platform | AV1: tile-type-spawn-portal | AW1: tile-type-platform | AX1: tile-type-spawn-portal | AY1: tile-type-platform
A2: tile-type-spawn-portal | B2: tile-type-road-oooo | C2: tile-type-road-oooo | D2: tile-type-road-oooo | E2: tile-type-road-oooo | F2: tile-type-road-oooo | G2: tile-type-road-oooo | H2: tile-type-road-oooo | I2: tile-type-road-oooo | J2: tile-type-road-oooo | K2: tile-type-road-oooo | L2: tile-type-road-oooo | M2: tile-type-road-oooo | N2: tile-type-road-oooo | O2: tile-type-road-oooo | P2: tile-type-road-oooo | Q2: tile-type-road-oooo | R2: tile-type-road-oooo | S2: tile-type-road-oooo | T2: tile-type-road-oooo | U2: tile-type-road-oooo | V2: tile-type-road-oooo | W2: tile-type-road-oooo | X2: tile-type-road-oooo | Y2: tile-type-road-oooo | Z2: tile-type-road-oooo | AA2: tile-type-road-oooo | AB2: tile-type-road-oooo | AC2: tile-type-road-oooo | AD2: tile-type-road-oooo | AE2: tile-type-road-oooo | AF2: tile-type-road-oooo | AG2: tile-type-road-oooo | AH2: tile-type-road-oooo | AI2: tile-type-road-oooo | AJ2: tile-type-road-oooo | AK2: tile-type-road-oooo | AL2: tile-type-road-oooo | AM2: tile-type-road-oooo | AN2: tile-type-road-oooo | AO2: tile-type-road-oooo | AP2: tile-type-road-oooo | AQ2: tile-type-road-oooo | AR2: tile-type-road-oooo | AS2: tile-type-road-oooo | AT2: tile-type-road-oooo | AU2: tile-type-road-oooo | AV2: tile-type-road-oooo | AW2: tile-type-road-oooo | AX2: tile-type-road-oooo | AY2: tile-type-spawn-portal
A3: tile-type-platform | B3: tile-type-road-oooo | C3: tile-type-platform | D3: tile-type-road-oooo | E3: tile-type-platform | F3: tile-type-road-oooo | G3: tile-type-platform | H3: tile-type-road-oooo | I3: tile-type-platform | J3: tile-type-road-oooo | K3: tile-type-platform | L3: tile-type-road-oooo | M3: tile-type-platform | N3: tile-type-road-oooo | O3: tile-type-platform | P3: tile-type-road-oooo | Q3: tile-type-platform | R3: tile-type-road-oooo | S3: tile-type-platform | T3: tile-type-road-oooo | U3: tile-type-platform | V3: tile-type-road-oooo | W3: tile-type-platform | X3: tile-type-road-oooo | Y3: tile-type-platform | Z3: tile-type-road-oooo | AA3: tile-type-platform | AB3: tile-type-road-oooo | AC3: tile-type-platform | AD3: tile-type-road-oooo | AE3: tile-type-platform | AF3: tile-type-road-oooo | AG3: tile-type-platform | AH3: tile-type-road-oooo | AI3: tile-type-platform | AJ3: tile-type-road-oooo | AK3: tile-type-platform | AL3: tile-type-road-oooo | AM3: tile-type-platform | AN3: tile-type-road-oooo | AO3: tile-type-platform | AP3: tile-type-road-oooo | AQ3: tile-type-platform | AR3: tile-type-road-oooo | AS3: tile-type-platform | AT3: tile-type-road-oooo | AU3: tile-type-platform | AV3: tile-type-road-oooo | AW3: tile-type-platform | AX3: tile-type-road-oooo | AY3: tile-type-platform
A4: tile-type-spawn-portal | B4: tile-type-road-oooo | C4: tile-type-road-oooo | D4: tile-type-road-oooo | E4: tile-type-road-oooo | F4: tile-type-road-oooo | G4: tile-type-road-oooo | H4: tile-type-road-oooo | I4: tile-type-road-oooo | J4: tile-type-road-oooo | K4: tile-type-road-oooo | L4: tile-type-road-oooo | M4: tile-type-road-oooo | N4: tile-type-road-oooo | O4: tile-type-road-oooo | P4: tile-type-road-oooo | Q4: tile-type-road-oooo | R4: tile-type-road-oooo | S4: tile-type-road-oooo | T4: tile-type-road-oooo | U4: tile-type-road-oooo | V4: tile-type-road-oooo | W4: tile-type-road-oooo | X4: tile-type-road-oooo | Y4: tile-type-road-oooo | Z4: tile-type-road-oooo | AA4: tile-type-road-oooo | AB4: tile-type-road-oooo | AC4: tile-type-road-oooo | AD4: tile-type-road-oooo | AE4: tile-type-road-oooo | AF4: tile-type-road-oooo | AG4: tile-type-road-oooo | AH4: tile-type-road-oooo | AI4: tile-type-road-oooo | AJ4: tile-type-road-oooo | AK4: tile-type-road-oooo | AL4: tile-type-road-oooo | AM4: tile-type-road-oooo | AN4: tile-type-road-oooo | AO4: tile-type-road-oooo | AP4: tile-type-road-oooo | AQ4: tile-type-road-oooo | AR4: tile-type-road-oooo | AS4: tile-type-road-oooo | AT4: tile-type-road-oooo | AU4: tile-type-road-oooo | AV4: tile-type-road-oooo | AW4: tile-type-road-oooo | AX4: tile-type-road-oooo | AY4: tile-type-spawn-portal
A5: tile-type-platform | B5: tile-type-road-oooo | C5: tile-type-platform | D5: tile-type-road-oooo | E5: tile-type-platform | F5: tile-type-road-oooo | G5: tile-type-platform | H5: tile-type-road-oooo | I5: tile-type-platform | J5: tile-type-road-oooo | K5: tile-type-platform | L5: tile-type-road-oooo | M5: tile-type-platform | N5: tile-type-road-oooo | O5: tile-type-platform | P5: tile-type-road-oooo | Q5: tile-type-platform | R5: tile-type-road-oooo | S5: tile-type-platform | T5: tile-type-road-oooo | U5: tile-type-platform | V5: tile-type-road-oooo | W5: tile-type-platform | X5: tile-type-road-oooo | Y5: tile-type-platform | Z5: tile-type-road-oooo | AA5: tile-type-platform | AB5: tile-type-road-oooo | AC5: tile-type-platform | AD5: tile-type-road-oooo | AE5: tile-type-platform | AF5: tile-type-road-oooo | AG5: tile-type-platform | AH5: tile-type-road-oooo | AI5: tile-type-platform | AJ5: tile-type-road-oooo | AK5: tile-type-platform | AL5: tile-type-road-oooo | AM5: tile-type-platform | AN5: tile-type-road-oooo | AO5: tile-type-platform | AP5: tile-type-road-oooo | AQ5: tile-type-platform | AR5: tile-type-road-oooo | AS5: tile-type-platform | AT5: tile-type-road-oooo | AU5: tile-type-platform | AV5: tile-type-road-oooo | AW5: tile-type-platform | AX5: tile-type-road-oooo | AY5: tile-type-platform
A6: tile-type-spawn-portal | B6: tile-type-road-oooo | C6: tile-type-road-oooo | D6: tile-type-road-oooo | E6: tile-type-road-oooo | F6: tile-type-road-oooo | G6: tile-type-road-oooo | H6: tile-type-road-oooo | I6: tile-type-road-oooo | J6: tile-type-road-oooo | K6: tile-type-road-oooo | L6: tile-type-road-oooo | M6: tile-type-road-oooo | N6: tile-type-road-oooo | O6: tile-type-road-oooo | P6: tile-type-road-oooo | Q6: tile-type-road-oooo | R6: tile-type-road-oooo | S6: tile-type-road-oooo | T6: tile-type-road-oooo | U6: tile-type-road-oooo | V6: tile-type-road-oooo | W6: tile-type-road-oooo | X6: tile-type-road-oooo | Y6: tile-type-road-oooo | Z6: tile-type-road-oooo | AA6: tile-type-road-oooo | AB6: tile-type-road-oooo | AC6: tile-type-road-oooo | AD6: tile-type-road-oooo | AE6: tile-type-road-oooo | AF6: tile-type-road-oooo | AG6: tile-type-road-oooo | AH6: tile-type-road-oooo | AI6: tile-type-road-oooo | AJ6: tile-type-road-oooo | AK6: tile-type-road-oooo | AL6: tile-type-road-oooo | AM6: tile-type-road-oooo | AN6: tile-type-road-oooo | AO6: tile-type-road-oooo | AP6: tile-type-road-oooo | AQ6: tile-type-road-oooo | AR6: tile-type-road-oooo | AS6: tile-type-road-oooo | AT6: tile-type-road-oooo | AU6: tile-type-road-oooo | AV6: tile-type-road-oooo | AW6: tile-type-road-oooo | AX6: tile-type-road-oooo | AY6: tile-type-spawn-portal
A7: tile-type-platform | B7: tile-type-road-oooo | C7: tile-type-platform | D7: tile-type-road-oooo | E7: tile-type-platform | F7: tile-type-road-oooo | G7: tile-type-platform | H7: tile-type-road-oooo | I7: tile-type-platform | J7: tile-type-road-oooo | K7: tile-type-platform | L7: tile-type-road-oooo | M7: tile-type-platform | N7: tile-type-road-oooo | O7: tile-type-platform | P7: tile-type-road-oooo | Q7: tile-type-platform | R7: tile-type-road-oooo | S7: tile-type-platform | T7: tile-type-road-oooo | U7: tile-type-platform | V7: tile-type-road-oooo | W7: tile-type-platform | X7: tile-type-road-oooo | Y7: tile-type-platform | Z7: tile-type-road-oooo | AA7: tile-type-platform | AB7: tile-type-road-oooo | AC7: tile-type-platform | AD7: tile-type-road-oooo | AE7: tile-type-platform | AF7: tile-type-road-oooo | AG7: tile-type-platform | AH7: tile-type-road-oooo | AI7: tile-type-platform | AJ7: tile-type-road-oooo | AK7: tile-type-platform | AL7: tile-type-road-oooo | AM7: tile-type-platform | AN7: tile-type-road-oooo | AO7: tile-type-platform | AP7: tile-type-road-oooo | AQ7: tile-type-platform | AR7: tile-type-road-oooo | AS7: tile-type-platform | AT7: tile-type-road-oooo | AU7: tile-type-platform | AV7: tile-type-road-oooo | AW7: tile-type-platform | AX7: tile-type-road-oooo | AY7: tile-type-platform
A8: tile-type-spawn-portal | B8: tile-type-road-oooo | C8: tile-type-road-oooo | D8: tile-type-road-oooo | E8: tile-type-road-oooo | F8: tile-type-road-oooo | G8: tile-type-road-oooo | H8: tile-type-road-oooo | I8: tile-type-road-oooo | J8: tile-type-road-oooo | K8: tile-type-road-oooo | L8: tile-type-road-oooo | M8: tile-type-road-oooo | N8: tile-type-road-oooo | O8: tile-type-road-oooo | P8: tile-type-road-oooo | Q8: tile-type-road-oooo | R8: tile-type-road-oooo | S8: tile-type-road-oooo | T8: tile-type-road-oooo | U8: tile-type-road-oooo | V8: tile-type-road-oooo | W8: tile-type-road-oooo | X8: tile-type-road-oooo | Y8: tile-type-road-oooo | Z8: tile-type-road-oooo | AA8: tile-type-road-oooo | AB8: tile-type-road-oooo | AC8: tile-type-road-oooo | AD8: tile-type-road-oooo | AE8: tile-type-road-oooo | AF8: tile-type-road-oooo | AG8: tile-type-road-oooo | AH8: tile-type-road-oooo | AI8: tile-type-road-oooo | AJ8: tile-type-road-oooo | AK8: tile-type-road-oooo | AL8: tile-type-road-oooo | AM8: tile-type-road-oooo | AN8: tile-type-road-oooo | AO8: tile-type-road-oooo | AP8: tile-type-road-oooo | AQ8: tile-type-road-oooo | AR8: tile-type-road-oooo | AS8: tile-type-road-oooo | AT8: tile-type-road-oooo | AU8: tile-type-road-oooo | AV8: tile-type-road-oooo | AW8: tile-type-road-oooo | AX8: tile-type-road-oooo | AY8: tile-type-spawn-portal
A9: tile-type-platform | B9: tile-type-road-oooo | C9: tile-type-platform | D9: tile-type-road-oooo | E9: tile-type-platform | F9: tile-type-road-oooo | G9: tile-type-platform | H9: tile-type-road-oooo | I9: tile-type-platform | J9: tile-type-road-oooo | K9: tile-type-platform | L9: tile-type-road-oooo | M9: tile-type-platform | N9: tile-type-road-oooo | O9: tile-type-platform | P9: tile-type-road-oooo | Q9: tile-type-platform | R9: tile-type-road-oooo | S9: tile-type-platform | T9: tile-type-road-oooo | U9: tile-type-platform | V9: tile-type-road-oooo | W9: tile-type-platform | X9: tile-type-road-oooo | Y9: tile-type-platform | Z9: tile-type-road-oooo | AA9: tile-type-platform | AB9: tile-type-road-oooo | AC9: tile-type-platform | AD9: tile-type-road-oooo | AE9: tile-type-platform | AF9: tile-type-road-oooo | AG9: tile-type-platform | AH9: tile-type-road-oooo | AI9: tile-type-platform | AJ9: tile-type-road-oooo | AK9: tile-type-platform | AL9: tile-type-road-oooo | AM9: tile-type-platform | AN9: tile-type-road-oooo | AO9: tile-type-platform | AP9: tile-type-road-oooo | AQ9: tile-type-platform | AR9: tile-type-road-oooo | AS9: tile-type-platform | AT9: tile-type-road-oooo | AU9: tile-type-platform | AV9: tile-type-road-oooo | AW9: tile-type-platform | AX9: tile-type-road-oooo | AY9: tile-type-platform
A10: tile-type-spawn-portal | B10: tile-type-road-oooo | C10: tile-type-road-oooo | D10: tile-type-road-oooo | E10: tile-type-road-oooo | F10: tile-type-road-oooo | G10: tile-type-road-oooo | H10: tile-type-road-oooo | I10: tile-type-road-oooo | J10: tile-type-road-oooo | K10: tile-type-road-oooo | L10: tile-type-road-oooo | M10: tile-type-road-oooo | N10: tile-type-road-oooo | O10: tile-type-road-oooo | P10: tile-type-road-oooo | Q10: tile-type-road-oooo | R10: tile-type-road-oooo | S10: tile-type-road-oooo | T10: tile-type-road-oooo | U10: tile-type-road-oooo | V10: tile-type-road-oooo | W10: tile-type-road-oooo | X10: tile-type-road-oooo | Y10: tile-type-road-oooo | Z10: tile-type-road-oooo | AA10: tile-type-road-oooo | AB10: tile-type-road-oooo | AC10: tile-type-road-oooo | AD10: tile-type-road-oooo | AE10: tile-type-road-oooo | AF10: tile-type-road-oooo | AG10: tile-type-road-oooo | AH10: tile-type-road-oooo | AI10: tile-type-road-oooo | AJ10: tile-type-road-oooo | AK10: tile-type-road-oooo | AL10: tile-type-road-oooo | AM10: tile-type-road-oooo | AN10: tile-type-road-oooo | AO10: tile-type-road-oooo | AP10: tile-type-road-oooo | AQ10: tile-type-road-oooo | AR10: tile-type-road-oooo | AS10: tile-type-road-oooo | AT10: tile-type-road-oooo | AU10: tile-type-road-oooo | AV10: tile-type-road-oooo | AW10: tile-type-road-oooo | AX10: tile-type-road-oooo | AY10: tile-type-spawn-portal
A11: tile-type-platform | B11: tile-type-road-oooo | C11: tile-type-platform | D11: tile-type-road-oooo | E11: tile-type-platform | F11: tile-type-road-oooo | G11: tile-type-platform | H11: tile-type-road-oooo | I11: tile-type-platform | J11: tile-type-road-oooo | K11: tile-type-platform | L11: tile-type-road-oooo | M11: tile-type-platform | N11: tile-type-road-oooo | O11: tile-type-platform | P11: tile-type-road-oooo | Q11: tile-type-platform | R11: tile-type-road-oooo | S11: tile-type-platform | T11: tile-type-road-oooo | U11: tile-type-platform | V11: tile-type-road-oooo | W11: tile-type-platform | X11: tile-type-road-oooo | Y11: tile-type-platform | Z11: tile-type-road-oooo | AA11: tile-type-platform | AB11: tile-type-road-oooo | AC11: tile-type-platform | AD11: tile-type-road-oooo | AE11: tile-type-platform | AF11: tile-type-road-oooo | AG11: tile-type-platform | AH11: tile-type-road-oooo | AI11: tile-type-platform | AJ11: tile-type-road-oooo | AK11: tile-type-platform | AL11: tile-type-road-oooo | AM11: tile-type-platform | AN11: tile-type-road-oooo | AO11: tile-type-platform | AP11: tile-type-road-oooo | AQ11: tile-type-platform | AR11: tile-type-road-oooo | AS11: tile-type-platform | AT11: tile-type-road-oooo | AU11: tile-type-platform | AV11: tile-type-road-oooo | AW11: tile-type-platform | AX11: tile-type-road-oooo | AY11: tile-type-platform
A12: tile-type-spawn-portal | B12: tile-type-road-oooo | C12: tile-type-road-oooo | D12: tile-type-road-oooo | E12: tile-type-road-oooo | F12: tile-type-road-oooo | G12: tile-type-road-oooo | H12: tile-type-road-oooo | I12: tile-type-road-oooo | J12: tile-type-road-oooo | K12: tile-type-road-oooo | L12: tile-type-road-oooo | M12: tile-type-road-oooo | N12: tile-type-road-oooo | O12: tile-type-road-oooo | P12: tile-type-road-oooo | Q12: tile-type-road-oooo | R12: tile-type-road-oooo | S12: tile-type-road-oooo | T12: tile-type-road-oooo | U12: tile-type-road-oooo | V12: tile-type-road-oooo | W12: tile-type-road-oooo | X12: tile-type-road-oooo | Y12: tile-type-road-oooo | Z12: tile-type-road-oooo | AA12: tile-type-road-oooo | AB12: tile-type-road-oooo | AC12: tile-type-road-oooo | AD12: tile-type-road-oooo | AE12: tile-type-road-oooo | AF12: tile-type-road-oooo | AG12: tile-type-road-oooo | AH12: tile-type-road-oooo | AI12: tile-type-road-oooo | AJ12: tile-type-road-oooo | AK12: tile-type-road-oooo | AL12: tile-type-road-oooo | AM12: tile-type-road-oooo | AN12: tile-type-road-oooo | AO12: tile-type-road-oooo | AP12: tile-type-road-oooo | AQ12: tile-type-road-oooo | AR12: tile-type-road-oooo | AS12: tile-type-road-oooo | AT12: tile-type-road-oooo | AU12: tile-type-road-oooo | AV12: tile-type-road-oooo | AW12: tile-type-road-oooo | AX12: tile-type-road-oooo | AY12: tile-type-spawn-portal
... A51: tile-type-platform | B51: tile-type-spawn-portal | C51: tile-type-platform | D51: tile-type-spawn-portal | E51: tile-type-platform | F51: tile-type-spawn-portal | G51: tile-type-platform | H51: tile-type-spawn-portal | I51: tile-type-platform | J51: tile-type-spawn-portal | K51: tile-type-platform | L51: tile-type-spawn-portal | M51: tile-type-platform | N51: tile-type-spawn-portal | O51: tile-type-platform | P51: tile-type-spawn-portal | Q51: tile-type-platform | R51: tile-type-spawn-portal | S51: tile-type-platform | T51: tile-type-spawn-portal | U51: tile-type-platform | V51: tile-type-spawn-portal | W51: tile-type-platform | X51: tile-type-spawn-portal | Y51: tile-type-platform | Z51: tile-type-spawn-portal | AA51: tile-type-platform | AB51: tile-type-spawn-portal | AC51: tile-type-platform | AD51: tile-type-spawn-portal | AE51: tile-type-platform | AF51: tile-type-spawn-portal | AG51: tile-type-platform | AH51: tile-type-spawn-portal | AI51: tile-type-platform | AJ51: tile-type-spawn-portal | AK51: tile-type-platform | AL51: tile-type-spawn-portal | AM51: tile-type-platform | AN51: tile-type-spawn-portal | AO51: tile-type-platform | AP51: tile-type-spawn-portal | AQ51: tile-type-platform | AR51: tile-type-spawn-portal | AS51: tile-type-platform | AT51: tile-type-spawn-portal | AU51: tile-type-platform | AV51: tile-type-spawn-portal | AW51: tile-type-platform | AX51: tile-type-spawn-portal | AY51: tile-type-platform
